"CubeId";"SNB20@SNB.TotIndx.NOM"
"PublishingDate";"2023-11-07 08:55"

"Date";"INDEXTYP_WK";"GESAMTINDX";"GEWICHTE";"frequency";"Value"
"2005-01";"TRNQ";"TOT";"IMF";"P1M";"111.0215"
"2005-02";"TRNQ";"TOT";"IMF";"P1M";"110.3166"
"2005-03";"TRNQ";"TOT";"IMF";"P1M";"110.8258"
"2005-04";"TRNQ";"TOT";"IMF";"P1M";"110.4601"
"2005-05";"TRNQ";"TOT";"IMF";"P1M";"109.9558"
"2005-06";"TRNQ";"TOT";"IMF";"P1M";"108.9251"
"2005-07";"TRNQ";"TOT";"IMF";"P1M";"107.5437"
"2005-08";"TRNQ";"TOT";"IMF";"P1M";"108.3329"
"2005-09";"TRNQ";"TOT";"IMF";"P1M";"108.3608"
"2005-10";"TRNQ";"TOT";"IMF";"P1M";"108.0869"
"2005-11";"TRNQ";"TOT";"IMF";"P1M";"107.9074"
"2005-12";"TRNQ";"TOT";"IMF";"P1M";"107.7466"
"2006-01";"TRNQ";"TOT";"IMF";"P1M";"108.0554"
"2006-02";"TRNQ";"TOT";"IMF";"P1M";"106.9071"
"2006-03";"TRNQ";"TOT";"IMF";"P1M";"106.4979"
"2006-04";"TRNQ";"TOT";"IMF";"P1M";"106.743"
"2006-05";"TRNQ";"TOT";"IMF";"P1M";"109.0876"
"2006-06";"TRNQ";"TOT";"IMF";"P1M";"109.1446"
"2006-07";"TRNQ";"TOT";"IMF";"P1M";"108.6025"
"2006-08";"TRNQ";"TOT";"IMF";"P1M";"108.0622"
"2006-09";"TRNQ";"TOT";"IMF";"P1M";"107.4715"
"2006-10";"TRNQ";"TOT";"IMF";"P1M";"106.6794"
"2006-11";"TRNQ";"TOT";"IMF";"P1M";"106.9417"
"2006-12";"TRNQ";"TOT";"IMF";"P1M";"107.2451"
"2007-01";"TRNQ";"TOT";"IMF";"P1M";"105.5374"
"2007-02";"TRNQ";"TOT";"IMF";"P1M";"105.2722"
"2007-03";"TRNQ";"TOT";"IMF";"P1M";"106.268"
"2007-04";"TRNQ";"TOT";"IMF";"P1M";"104.9762"
"2007-05";"TRNQ";"TOT";"IMF";"P1M";"103.9735"
"2007-06";"TRNQ";"TOT";"IMF";"P1M";"103.4213"
"2007-07";"TRNQ";"TOT";"IMF";"P1M";"103.7164"
"2007-08";"TRNQ";"TOT";"IMF";"P1M";"104.8069"
"2007-09";"TRNQ";"TOT";"IMF";"P1M";"104.6651"
"2007-10";"TRNQ";"TOT";"IMF";"P1M";"103.5983"
"2007-11";"TRNQ";"TOT";"IMF";"P1M";"105.9017"
"2007-12";"TRNQ";"TOT";"IMF";"P1M";"105.1142"
"2008-01";"TRNQ";"TOT";"IMF";"P1M";"107.9547"
"2008-02";"TRNQ";"TOT";"IMF";"P1M";"108.8504"
"2008-03";"TRNQ";"TOT";"IMF";"P1M";"113.3953"
"2008-04";"TRNQ";"TOT";"IMF";"P1M";"112.3704"
"2008-05";"TRNQ";"TOT";"IMF";"P1M";"110.026"
"2008-06";"TRNQ";"TOT";"IMF";"P1M";"110.801"
"2008-07";"TRNQ";"TOT";"IMF";"P1M";"110.7547"
"2008-08";"TRNQ";"TOT";"IMF";"P1M";"109.0482"
"2008-09";"TRNQ";"TOT";"IMF";"P1M";"110.1253"
"2008-10";"TRNQ";"TOT";"IMF";"P1M";"113.9343"
"2008-11";"TRNQ";"TOT";"IMF";"P1M";"113.5863"
"2008-12";"TRNQ";"TOT";"IMF";"P1M";"115.0113"
"2009-01";"TRNQ";"TOT";"IMF";"P1M";"118.1604"
"2009-02";"TRNQ";"TOT";"IMF";"P1M";"117.4523"
"2009-03";"TRNQ";"TOT";"IMF";"P1M";"117.6913"
"2009-04";"TRNQ";"TOT";"IMF";"P1M";"116.5769"
"2009-05";"TRNQ";"TOT";"IMF";"P1M";"117.1592"
"2009-06";"TRNQ";"TOT";"IMF";"P1M";"117.5371"
"2009-07";"TRNQ";"TOT";"IMF";"P1M";"117.1835"
"2009-08";"TRNQ";"TOT";"IMF";"P1M";"117.0715"
"2009-09";"TRNQ";"TOT";"IMF";"P1M";"118.5902"
"2009-10";"TRNQ";"TOT";"IMF";"P1M";"119.0779"
"2009-11";"TRNQ";"TOT";"IMF";"P1M";"119.3696"
"2009-12";"TRNQ";"TOT";"IMF";"P1M";"119.296"
"2010-01";"TRNQ";"TOT";"IMF";"P1M";"119.9378"
"2010-02";"TRNQ";"TOT";"IMF";"P1M";"118.9072"
"2010-03";"TRNQ";"TOT";"IMF";"P1M";"119.8763"
"2010-04";"TRNQ";"TOT";"IMF";"P1M";"120.1143"
"2010-05";"TRNQ";"TOT";"IMF";"P1M";"118.7141"
"2010-06";"TRNQ";"TOT";"IMF";"P1M";"120.896"
"2010-07";"TRNQ";"TOT";"IMF";"P1M";"125.4788"
"2010-08";"TRNQ";"TOT";"IMF";"P1M";"125.8368"
"2010-09";"TRNQ";"TOT";"IMF";"P1M";"129.4309"
"2010-10";"TRNQ";"TOT";"IMF";"P1M";"128.4486"
"2010-11";"TRNQ";"TOT";"IMF";"P1M";"127.7599"
"2010-12";"TRNQ";"TOT";"IMF";"P1M";"132.4665"
"2011-01";"TRNQ";"TOT";"IMF";"P1M";"133.054"
"2011-02";"TRNQ";"TOT";"IMF";"P1M";"132.2445"
"2011-03";"TRNQ";"TOT";"IMF";"P1M";"134.4907"
"2011-04";"TRNQ";"TOT";"IMF";"P1M";"135.0584"
"2011-05";"TRNQ";"TOT";"IMF";"P1M";"139.2153"
"2011-06";"TRNQ";"TOT";"IMF";"P1M";"144.5599"
"2011-07";"TRNQ";"TOT";"IMF";"P1M";"147.7033"
"2011-08";"TRNQ";"TOT";"IMF";"P1M";"155.7022"
"2011-09";"TRNQ";"TOT";"IMF";"P1M";"144.0411"
"2011-10";"TRNQ";"TOT";"IMF";"P1M";"141.0481"
"2011-11";"TRNQ";"TOT";"IMF";"P1M";"140.4977"
"2011-12";"TRNQ";"TOT";"IMF";"P1M";"139.572"
"2012-01";"TRNQ";"TOT";"IMF";"P1M";"139.5898"
"2012-02";"TRNQ";"TOT";"IMF";"P1M";"140.6295"
"2012-03";"TRNQ";"TOT";"IMF";"P1M";"141.0591"
"2012-04";"TRNQ";"TOT";"IMF";"P1M";"141.4399"
"2012-05";"TRNQ";"TOT";"IMF";"P1M";"140.556"
"2012-06";"TRNQ";"TOT";"IMF";"P1M";"139.9591"
"2012-07";"TRNQ";"TOT";"IMF";"P1M";"138.1548"
"2012-08";"TRNQ";"TOT";"IMF";"P1M";"138.3907"
"2012-09";"TRNQ";"TOT";"IMF";"P1M";"139.4513"
"2012-10";"TRNQ";"TOT";"IMF";"P1M";"139.7525"
"2012-11";"TRNQ";"TOT";"IMF";"P1M";"140.0312"
"2012-12";"TRNQ";"TOT";"IMF";"P1M";"141.0097"
"2013-01";"TRNQ";"TOT";"IMF";"P1M";"140.0021"
"2013-02";"TRNQ";"TOT";"IMF";"P1M";"140.8232"
"2013-03";"TRNQ";"TOT";"IMF";"P1M";"139.5143"
"2013-04";"TRNQ";"TOT";"IMF";"P1M";"140.3998"
"2013-05";"TRNQ";"TOT";"IMF";"P1M";"138.2453"
"2013-06";"TRNQ";"TOT";"IMF";"P1M";"141.0741"
"2013-07";"TRNQ";"TOT";"IMF";"P1M";"140.6677"
"2013-08";"TRNQ";"TOT";"IMF";"P1M";"142.5578"
"2013-09";"TRNQ";"TOT";"IMF";"P1M";"142.4065"
"2013-10";"TRNQ";"TOT";"IMF";"P1M";"143.5677"
"2013-11";"TRNQ";"TOT";"IMF";"P1M";"143.223"
"2013-12";"TRNQ";"TOT";"IMF";"P1M";"145.3166"
"2014-01";"TRNQ";"TOT";"IMF";"P1M";"144.5533"
"2014-02";"TRNQ";"TOT";"IMF";"P1M";"145.9896"
"2014-03";"TRNQ";"TOT";"IMF";"P1M";"147.265"
"2014-04";"TRNQ";"TOT";"IMF";"P1M";"146.6062"
"2014-05";"TRNQ";"TOT";"IMF";"P1M";"145.6621"
"2014-06";"TRNQ";"TOT";"IMF";"P1M";"145.0728"
"2014-07";"TRNQ";"TOT";"IMF";"P1M";"145.0083"
"2014-08";"TRNQ";"TOT";"IMF";"P1M";"144.7754"
"2014-09";"TRNQ";"TOT";"IMF";"P1M";"143.6417"
"2014-10";"TRNQ";"TOT";"IMF";"P1M";"142.9858"
"2014-11";"TRNQ";"TOT";"IMF";"P1M";"143.3851"
"2014-12";"TRNQ";"TOT";"IMF";"P1M";"143.7154"
"2015-01";"TRNQ";"TOT";"IMF";"P1M";"153.5363"
"2015-02";"TRNQ";"TOT";"IMF";"P1M";"156.8301"
"2015-03";"TRNQ";"TOT";"IMF";"P1M";"153.7059"
"2015-04";"TRNQ";"TOT";"IMF";"P1M";"156.3184"
"2015-05";"TRNQ";"TOT";"IMF";"P1M";"158.3745"
"2015-06";"TRNQ";"TOT";"IMF";"P1M";"158.5641"
"2015-07";"TRNQ";"TOT";"IMF";"P1M";"156.8047"
"2015-08";"TRNQ";"TOT";"IMF";"P1M";"154.9801"
"2015-09";"TRNQ";"TOT";"IMF";"P1M";"154.6576"
"2015-10";"TRNQ";"TOT";"IMF";"P1M";"154.7162"
"2015-11";"TRNQ";"TOT";"IMF";"P1M";"152.1321"
"2015-12";"TRNQ";"TOT";"IMF";"P1M";"154.0387"
"2016-01";"TRNQ";"TOT";"IMF";"P1M";"154.0261"
"2016-02";"TRNQ";"TOT";"IMF";"P1M";"154.4082"
"2016-03";"TRNQ";"TOT";"IMF";"P1M";"155.0489"
"2016-04";"TRNQ";"TOT";"IMF";"P1M";"155.825"
"2016-05";"TRNQ";"TOT";"IMF";"P1M";"154.1059"
"2016-06";"TRNQ";"TOT";"IMF";"P1M";"155.9442"
"2016-07";"TRNQ";"TOT";"IMF";"P1M";"156.177"
"2016-08";"TRNQ";"TOT";"IMF";"P1M";"156.7732"
"2016-09";"TRNQ";"TOT";"IMF";"P1M";"156.3052"
"2016-10";"TRNQ";"TOT";"IMF";"P1M";"156.608"
"2016-11";"TRNQ";"TOT";"IMF";"P1M";"157.7503"
"2016-12";"TRNQ";"TOT";"IMF";"P1M";"156.5043"
"2017-01";"TRNQ";"TOT";"IMF";"P1M";"157.6409"
"2017-02";"TRNQ";"TOT";"IMF";"P1M";"157.739"
"2017-03";"TRNQ";"TOT";"IMF";"P1M";"157.4524"
"2017-04";"TRNQ";"TOT";"IMF";"P1M";"156.8299"
"2017-05";"TRNQ";"TOT";"IMF";"P1M";"156.6848"
"2017-06";"TRNQ";"TOT";"IMF";"P1M";"158.233"
"2017-07";"TRNQ";"TOT";"IMF";"P1M";"157.4371"
"2017-08";"TRNQ";"TOT";"IMF";"P1M";"154.4503"
"2017-09";"TRNQ";"TOT";"IMF";"P1M";"153.5663"
"2017-10";"TRNQ";"TOT";"IMF";"P1M";"152.0871"
"2017-11";"TRNQ";"TOT";"IMF";"P1M";"150.7929"
"2017-12";"TRNQ";"TOT";"IMF";"P1M";"150.5532"
"2018-01";"TRNQ";"TOT";"IMF";"P1M";"151.2256"
"2018-02";"TRNQ";"TOT";"IMF";"P1M";"154.2933"
"2018-03";"TRNQ";"TOT";"IMF";"P1M";"152.4651"
"2018-04";"TRNQ";"TOT";"IMF";"P1M";"149.8029"
"2018-05";"TRNQ";"TOT";"IMF";"P1M";"149.3641"
"2018-06";"TRNQ";"TOT";"IMF";"P1M";"152.2634"
"2018-07";"TRNQ";"TOT";"IMF";"P1M";"152.3781"
"2018-08";"TRNQ";"TOT";"IMF";"P1M";"155.2454"
"2018-09";"TRNQ";"TOT";"IMF";"P1M";"158.3346"
"2018-10";"TRNQ";"TOT";"IMF";"P1M";"155.415"
"2018-11";"TRNQ";"TOT";"IMF";"P1M";"154.977"
"2018-12";"TRNQ";"TOT";"IMF";"P1M";"156.3122"
"2019-01";"TRNQ";"TOT";"IMF";"P1M";"155.8785"
"2019-02";"TRNQ";"TOT";"IMF";"P1M";"154.1043"
"2019-03";"TRNQ";"TOT";"IMF";"P1M";"154.3943"
"2019-04";"TRNQ";"TOT";"IMF";"P1M";"154.0332"
"2019-05";"TRNQ";"TOT";"IMF";"P1M";"154.5531"
"2019-06";"TRNQ";"TOT";"IMF";"P1M";"157.1858"
"2019-07";"TRNQ";"TOT";"IMF";"P1M";"157.7686"
"2019-08";"TRNQ";"TOT";"IMF";"P1M";"161.085"
"2019-09";"TRNQ";"TOT";"IMF";"P1M";"160.0847"
"2019-10";"TRNQ";"TOT";"IMF";"P1M";"158.9335"
"2019-11";"TRNQ";"TOT";"IMF";"P1M";"158.5681"
"2019-12";"TRNQ";"TOT";"IMF";"P1M";"159.4173"
"2020-01";"TRNQ";"TOT";"IMF";"P1M";"161.4479"
"2020-02";"TRNQ";"TOT";"IMF";"P1M";"162.5394"
"2020-03";"TRNQ";"TOT";"IMF";"P1M";"166.8566"
"2020-04";"TRNQ";"TOT";"IMF";"P1M";"166.7985"
"2020-05";"TRNQ";"TOT";"IMF";"P1M";"166.5775"
"2020-06";"TRNQ";"TOT";"IMF";"P1M";"166.1951"
"2020-07";"TRNQ";"TOT";"IMF";"P1M";"167.5516"
"2020-08";"TRNQ";"TOT";"IMF";"P1M";"168.7888"
"2020-09";"TRNQ";"TOT";"IMF";"P1M";"168.299"
"2020-10";"TRNQ";"TOT";"IMF";"P1M";"168.8168"
"2020-11";"TRNQ";"TOT";"IMF";"P1M";"167.8615"
"2020-12";"TRNQ";"TOT";"IMF";"P1M";"168.8364"
"2021-01";"TRNQ";"TOT";"IMF";"P1M";"168.8052"
"2021-02";"TRNQ";"TOT";"IMF";"P1M";"167.0461"
"2021-03";"TRNQ";"TOT";"IMF";"P1M";"163.1724"
"2021-04";"TRNQ";"TOT";"IMF";"P1M";"164.1364"
"2021-05";"TRNQ";"TOT";"IMF";"P1M";"165.8956"
"2021-06";"TRNQ";"TOT";"IMF";"P1M";"165.6707"
"2021-07";"TRNQ";"TOT";"IMF";"P1M";"166.104"
"2021-08";"TRNQ";"TOT";"IMF";"P1M";"167.2198"
"2021-09";"TRNQ";"TOT";"IMF";"P1M";"165.6624"
"2021-10";"TRNQ";"TOT";"IMF";"P1M";"166.9759"
"2021-11";"TRNQ";"TOT";"IMF";"P1M";"169.0796"
"2021-12";"TRNQ";"TOT";"IMF";"P1M";"170.8327"
"2022-01";"TRNQ";"TOT";"IMF";"P1M";"170.6406"
"2022-02";"TRNQ";"TOT";"IMF";"P1M";"169.8533"
"2022-03";"TRNQ";"TOT";"IMF";"P1M";"172.3497"
"2022-04";"TRNQ";"TOT";"IMF";"P1M";"171.1714"
"2022-05";"TRNQ";"TOT";"IMF";"P1M";"168.1423"
"2022-06";"TRNQ";"TOT";"IMF";"P1M";"170.1879"
"2022-07";"TRNQ";"TOT";"IMF";"P1M";"174.4421"
"2022-08";"TRNQ";"TOT";"IMF";"P1M";"177.1529"
"2022-09";"TRNQ";"TOT";"IMF";"P1M";"178.1226"
"2022-10";"TRNQ";"TOT";"IMF";"P1M";"176.0251"
"2022-11";"TRNQ";"TOT";"IMF";"P1M";"177.2528"
"2022-12";"TRNQ";"TOT";"IMF";"P1M";"179.2553"
